{"PCK@0.01": 0.07058823529411766, "PCK@0.03": 0.37058823529411766, "PCK@0.05": 0.5941176470588235, "PCK@0.1": 0.9058823529411765, "PCK@0.15": 0.9705882352941176, "NME": 0.050483049189343175, "AUC": 0.9230882352941178, "EPE": 29.69216573378619, "data_time": 0.05113755464553833, "time": 0.0867355465888977}