{"PCK@0.01": 0.1088235294117647, "PCK@0.03": 0.3735294117647059, "PCK@0.05": 0.5852941176470587, "PCK@0.1": 0.9676470588235294, "PCK@0.15": 0.9970588235294118, "NME": 0.04505280782194699, "AUC": 0.9275000000000002, "EPE": 26.8857427260455, "data_time": 0.06104978322982788, "time": 0.10784778594970704}