{"PCK@0.01": 0.3, "PCK@0.03": 0.7647058823529411, "PCK@0.05": 0.9088235294117647, "PCK@0.1": 0.9676470588235294, "PCK@0.15": 0.9852941176470589, "NME": 0.024186620598330218, "AUC": 0.9429411764705884, "EPE": 14.805166625976563, "data_time": 0.051770913600921634, "time": 0.09323906898498535}