{"PCK@0.01": 0.07507739938080496, "PCK@0.03": 0.3204334365325078, "PCK@0.05": 0.6075851393188855, "PCK@0.1": 0.9930340557275542, "PCK@0.15": 0.9992260061919505, "NME": 0.04333493180411519, "AUC": 0.9299922600619198, "EPE": 26.227822920855356, "data_time": 0.05682067180934705, "time": 0.08594336635188053}