{"PCK@0.01": 0.08529411764705883, "PCK@0.03": 0.35882352941176476, "PCK@0.05": 0.5911764705882353, "PCK@0.1": 0.9352941176470587, "PCK@0.15": 0.9852941176470589, "NME": 0.04753554857829038, "AUC": 0.9254411764705885, "EPE": 28.112175750732423, "data_time": 0.04274119138717651, "time": 0.07618398666381836}